ID,Ngày giao dịch,Số tiền,Loại giao dịch,Mã khách hàng,Địa điểm,Hợp lệ
1,2023-03-20,3112397,Nạp tiền,CUST95717,Đà Nẵng,0
2,2023-02-03,2074429,Rút tiền,CUST14911,TP.HCM,0
3,2023-11-01,3508844,Thanh toán hóa đơn,CUST40050,TP.HCM,0
4,2023-05-06,2225013,Rút tiền,CUST32135,Hải Phòng,0
5,2023-08-22,1333295,Mua hàng trực tuyến,CUST45093,TP.HCM,0
6,2023-07-14,3982012,Chuyển khoản,CUST73480,Cần Thơ,0
7,2023-06-02,1355205,Thanh toán hóa đơn,CUST86134,Đà Nẵng,0
8,2023-01-30,3048064,Thanh toán hóa đơn,CUST27428,TP.HCM,0
9,2023-02-23,3419143,Chuyển khoản,CUST77120,TP.HCM,0
10,2023-03-24,2053685,Nạp tiền,CUST49832,Đà Nẵng,0
11,2023-11-04,2011564,Chuyển khoản,CUST70587,Hà Nội,0
12,2023-08-16,2456423,Rút tiền,CUST80024,Hải Phòng,0
13,2023-05-15,821121,Chuyển khoản,CUST11696,TP.HCM,1
14,2023-10-10,3075110,Thanh toán hóa đơn,CUST52909,Hà Nội,0
15,2023-09-22,4155841,Rút tiền,CUST13470,Đà Nẵng,0
16,2023-01-03,1558182,Thanh toán hóa đơn,CUST97797,TP.HCM,0
17,2023-07-18,1277857,Nạp tiền,CUST82563,Cần Thơ,0
18,2023-04-26,2847120,Chuyển khoản,CUST94364,Hà Nội,0
19,2023-12-09,3555899,Thanh toán hóa đơn,CUST33224,Đà Nẵng,0
20,2023-03-17,2265787,Mua hàng trực tuyến,CUST73030,TP.HCM,0
21,2023-01-21,3673346,Thanh toán hóa đơn,CUST44494,Đà Nẵng,0
22,2023-03-20,3174827,Nạp tiền,CUST86771,TP.HCM,0
23,2023-02-26,3168256,Thanh toán hóa đơn,CUST63731,Cần Thơ,0
24,2023-07-11,3218018,Nạp tiền,CUST64084,TP.HCM,0
25,2023-03-07,2573170,Chuyển khoản,CUST31802,Hà Nội,0
26,2023-02-02,91743,Rút tiền,CUST78523,Hải Phòng,1
27,2023-01-01,900409,Nạp tiền,CUST41808,TP.HCM,1
28,2023-06-01,4350585,Thanh toán hóa đơn,CUST96166,TP.HCM,0
29,2023-06-11,2386959,Rút tiền,CUST43289,Hải Phòng,0
30,2023-08-07,2569133,Nạp tiền,CUST74720,Hải Phòng,0
31,2023-08-30,2898790,Nạp tiền,CUST76238,Hải Phòng,0
32,2023-10-29,214703,Nạp tiền,CUST94190,Cần Thơ,1
33,2023-09-17,4863173,Rút tiền,CUST50107,Đà Nẵng,0
34,2023-05-13,4012102,Mua hàng trực tuyến,CUST15880,TP.HCM,0
35,2023-07-11,1954918,Mua hàng trực tuyến,CUST34011,Hải Phòng,0
36,2023-12-25,4129206,Nạp tiền,CUST71252,Đà Nẵng,0
37,2023-03-08,1551978,Nạp tiền,CUST68509,Hải Phòng,0
38,2023-11-17,651480,Nạp tiền,CUST82363,TP.HCM,1
39,2023-04-12,1820515,Nạp tiền,CUST85272,TP.HCM,0
40,2023-10-29,4926815,Rút tiền,CUST30074,TP.HCM,0
41,2023-08-16,4949367,Mua hàng trực tuyến,CUST23785,Cần Thơ,0
42,2023-11-14,3974311,Mua hàng trực tuyến,CUST23210,TP.HCM,0
43,2023-12-14,3880033,Rút tiền,CUST72909,Hải Phòng,0
44,2023-10-10,1864359,Nạp tiền,CUST51505,TP.HCM,0
45,2023-06-12,2107543,Thanh toán hóa đơn,CUST32061,Hà Nội,0
46,2023-10-14,3977155,Nạp tiền,CUST82973,Đà Nẵng,0
47,2023-08-27,1753646,Chuyển khoản,CUST66757,Hà Nội,0
48,2023-09-14,2183520,Thanh toán hóa đơn,CUST90425,Hải Phòng,0
49,2023-10-15,4378845,Chuyển khoản,CUST81221,Cần Thơ,0
50,2023-11-29,3966456,Chuyển khoản,CUST93649,Hải Phòng,0
51,2023-09-05,1001997,Thanh toán hóa đơn,CUST92388,Đà Nẵng,0
52,2023-12-19,1188829,Nạp tiền,CUST67192,Đà Nẵng,0
53,2023-05-20,3047099,Mua hàng trực tuyến,CUST23818,Hải Phòng,0
54,2023-06-16,3455915,Chuyển khoản,CUST41860,Hà Nội,0
55,2023-12-21,4124607,Chuyển khoản,CUST32916,Đà Nẵng,0
56,2023-10-15,130661,Thanh toán hóa đơn,CUST83139,Cần Thơ,1
57,2023-03-21,4872695,Thanh toán hóa đơn,CUST24820,Đà Nẵng,0
58,2023-10-16,106122,Nạp tiền,CUST85526,TP.HCM,1
59,2023-09-12,406375,Nạp tiền,CUST38160,Đà Nẵng,1
60,2023-12-13,4451690,Thanh toán hóa đơn,CUST78859,Hải Phòng,0
61,2023-12-15,3206012,Nạp tiền,CUST15448,Hà Nội,0
62,2023-07-30,1320527,Thanh toán hóa đơn,CUST25142,TP.HCM,0
63,2023-08-31,2485168,Thanh toán hóa đơn,CUST50233,Đà Nẵng,0
64,2023-12-21,4759815,Thanh toán hóa đơn,CUST55808,Đà Nẵng,0
65,2023-06-12,2407105,Thanh toán hóa đơn,CUST79753,Đà Nẵng,0
66,2023-03-06,295739,Nạp tiền,CUST71860,Hải Phòng,1
67,2023-01-30,4556106,Nạp tiền,CUST33573,Hải Phòng,0
68,2023-01-12,34062,Thanh toán hóa đơn,CUST24520,TP.HCM,1
69,2023-09-03,3507295,Thanh toán hóa đơn,CUST45055,Hải Phòng,0
70,2023-03-14,4749097,Mua hàng trực tuyến,CUST10881,Hải Phòng,0
71,2023-04-04,234261,Chuyển khoản,CUST45098,Hà Nội,1
72,2023-06-21,974283,Chuyển khoản,CUST12450,Hải Phòng,0
73,2023-09-13,2372107,Thanh toán hóa đơn,CUST96176,Cần Thơ,0
74,2023-04-14,4837326,Chuyển khoản,CUST51571,Hải Phòng,0
75,2023-06-09,1727184,Rút tiền,CUST54598,TP.HCM,0
76,2023-09-17,2542517,Rút tiền,CUST93605,TP.HCM,0
77,2023-01-17,3595040,Chuyển khoản,CUST17605,Hà Nội,0
78,2023-12-06,2398976,Chuyển khoản,CUST50190,Đà Nẵng,0
79,2023-07-08,4179809,Thanh toán hóa đơn,CUST85426,TP.HCM,0
80,2023-05-01,2319762,Rút tiền,CUST19396,Hà Nội,0
81,2023-08-24,3313614,Rút tiền,CUST50769,Cần Thơ,0
82,2023-02-13,2679213,Mua hàng trực tuyến,CUST91021,Hà Nội,0
83,2023-10-15,402371,Mua hàng trực tuyến,CUST11188,Hải Phòng,1
84,2023-11-03,1626471,Thanh toán hóa đơn,CUST99873,TP.HCM,0
85,2023-03-22,596147,Thanh toán hóa đơn,CUST35690,Đà Nẵng,1
86,2023-12-03,3025018,Nạp tiền,CUST92575,Hà Nội,0
87,2023-03-09,504464,Chuyển khoản,CUST96557,Hà Nội,1
88,2023-02-03,4967038,Rút tiền,CUST26099,Hà Nội,0
89,2023-05-19,4420693,Rút tiền,CUST25151,Cần Thơ,0
90,2023-08-16,772959,Thanh toán hóa đơn,CUST76406,Hà Nội,1
91,2023-01-29,4087446,Nạp tiền,CUST68478,Hà Nội,0
92,2023-02-26,2699861,Chuyển khoản,CUST27065,Hà Nội,0
93,2023-06-01,2654751,Rút tiền,CUST71761,Cần Thơ,0
94,2023-07-30,3917774,Thanh toán hóa đơn,CUST48845,Cần Thơ,0
95,2023-11-03,3060803,Rút tiền,CUST30675,Cần Thơ,0
96,2023-05-20,3605103,Chuyển khoản,CUST60558,TP.HCM,0
97,2023-03-22,3915739,Thanh toán hóa đơn,CUST85249,Hà Nội,0
98,2023-01-03,4115098,Rút tiền,CUST82031,Hải Phòng,0
99,2023-06-13,4458196,Rút tiền,CUST70860,Hà Nội,0
100,2023-04-20,439271,Chuyển khoản,CUST19474,Hà Nội,1
101,2023-06-08,158569,Mua hàng trực tuyến,CUST99148,Đà Nẵng,1
102,2023-04-19,984775,Thanh toán hóa đơn,CUST28368,Cần Thơ,1
103,2023-03-06,4933052,Nạp tiền,CUST33558,Đà Nẵng,0
104,2023-08-20,95544,Thanh toán hóa đơn,CUST19365,Hải Phòng,1
105,2023-07-14,1343564,Mua hàng trực tuyến,CUST36097,Cần Thơ,0
106,2023-09-18,2206133,Thanh toán hóa đơn,CUST87420,TP.HCM,0
107,2023-03-30,1388772,Chuyển khoản,CUST79075,Cần Thơ,0
108,2023-05-05,3226856,Mua hàng trực tuyến,CUST38817,Đà Nẵng,0
109,2023-04-25,496338,Thanh toán hóa đơn,CUST81216,Hà Nội,1
110,2023-01-02,4664906,Rút tiền,CUST53248,Hải Phòng,0
111,2023-07-18,4751113,Chuyển khoản,CUST28669,TP.HCM,0
112,2023-12-12,931932,Thanh toán hóa đơn,CUST94611,Hải Phòng,1
113,2023-09-09,3254071,Rút tiền,CUST60455,Hà Nội,0
114,2023-10-06,4150199,Mua hàng trực tuyến,CUST15878,TP.HCM,0
115,2023-12-14,2875031,Chuyển khoản,CUST62723,TP.HCM,0
116,2023-10-03,1996671,Rút tiền,CUST40434,TP.HCM,0
117,2023-10-25,1458688,Thanh toán hóa đơn,CUST81047,Cần Thơ,0
118,2023-04-25,1361197,Chuyển khoản,CUST84309,TP.HCM,0
119,2023-11-07,785362,Mua hàng trực tuyến,CUST25556,Cần Thơ,0
120,2023-06-02,3031670,Rút tiền,CUST96665,Hà Nội,0
121,2023-11-13,550880,Thanh toán hóa đơn,CUST68292,Hải Phòng,1
122,2023-07-12,3648720,Rút tiền,CUST50770,TP.HCM,0
123,2023-03-13,3602884,Thanh toán hóa đơn,CUST18423,Đà Nẵng,0
124,2023-04-10,3842782,Mua hàng trực tuyến,CUST20431,Cần Thơ,0
125,2023-08-22,1676032,Rút tiền,CUST24508,Hà Nội,0
126,2023-09-10,4267249,Mua hàng trực tuyến,CUST22725,Cần Thơ,0
127,2023-03-04,4902452,Mua hàng trực tuyến,CUST19555,TP.HCM,0
128,2023-03-21,4585595,Thanh toán hóa đơn,CUST37108,Đà Nẵng,0
129,2023-03-14,4706519,Mua hàng trực tuyến,CUST85482,Hải Phòng,0
130,2023-08-14,659443,Thanh toán hóa đơn,CUST83541,TP.HCM,1
131,2023-07-01,2491815,Rút tiền,CUST42343,Đà Nẵng,0
132,2023-03-17,1070798,Rút tiền,CUST36583,Cần Thơ,0
133,2023-10-01,314668,Chuyển khoản,CUST71348,Cần Thơ,0
134,2023-11-18,442914,Rút tiền,CUST71919,Cần Thơ,1
135,2023-05-26,1800262,Thanh toán hóa đơn,CUST42850,Hải Phòng,0
136,2023-02-11,3407829,Mua hàng trực tuyến,CUST37197,TP.HCM,0
137,2023-05-15,4034110,Nạp tiền,CUST22012,Hải Phòng,0
138,2023-12-08,2887968,Rút tiền,CUST87047,Hải Phòng,0
139,2023-08-30,1643238,Rút tiền,CUST65307,Cần Thơ,0
140,2023-08-24,2759356,Nạp tiền,CUST88987,Cần Thơ,0
141,2023-10-08,4865821,Mua hàng trực tuyến,CUST10572,Hà Nội,0
142,2023-12-30,49498,Thanh toán hóa đơn,CUST94285,TP.HCM,1
143,2023-05-01,705176,Rút tiền,CUST66797,Đà Nẵng,1
144,2023-12-19,1741226,Mua hàng trực tuyến,CUST16766,TP.HCM,0
145,2023-05-24,4928868,Nạp tiền,CUST40590,Hải Phòng,0
146,2023-08-05,4045868,Chuyển khoản,CUST60236,Hà Nội,0
147,2023-06-10,874675,Chuyển khoản,CUST10212,Hà Nội,0
148,2023-11-05,1914956,Nạp tiền,CUST77808,TP.HCM,0
149,2023-06-25,2550079,Chuyển khoản,CUST42550,Hà Nội,0
150,2023-02-03,3106956,Mua hàng trực tuyến,CUST79721,Hà Nội,0
151,2023-10-02,3408900,Mua hàng trực tuyến,CUST47917,Đà Nẵng,0
152,2023-09-22,3816031,Mua hàng trực tuyến,CUST12229,Hà Nội,0
153,2023-06-01,1169353,Chuyển khoản,CUST91095,TP.HCM,0
154,2023-02-14,310947,Mua hàng trực tuyến,CUST48790,Hà Nội,0
155,2023-10-08,2041975,Mua hàng trực tuyến,CUST57146,Cần Thơ,0
156,2023-03-08,1205488,Nạp tiền,CUST48774,Đà Nẵng,0
157,2023-04-05,163075,Mua hàng trực tuyến,CUST76482,Cần Thơ,1
158,2023-04-13,3168770,Nạp tiền,CUST94541,Cần Thơ,0
159,2023-06-13,837041,Chuyển khoản,CUST60246,Đà Nẵng,1
160,2023-04-29,2380767,Thanh toán hóa đơn,CUST50253,Hà Nội,0
161,2023-01-16,1214925,Thanh toán hóa đơn,CUST62134,Đà Nẵng,0
162,2023-08-10,28680,Nạp tiền,CUST97174,TP.HCM,1
163,2023-02-27,475721,Rút tiền,CUST68365,Cần Thơ,1
164,2023-09-27,4082981,Rút tiền,CUST17184,Hải Phòng,0
165,2023-09-08,4786073,Rút tiền,CUST65373,Hải Phòng,0
166,2023-05-12,879006,Mua hàng trực tuyến,CUST41597,Hải Phòng,1
167,2023-08-21,1641485,Rút tiền,CUST89742,Cần Thơ,0
168,2023-08-05,720262,Mua hàng trực tuyến,CUST64284,Đà Nẵng,0
169,2023-04-11,4746540,Rút tiền,CUST68872,Hà Nội,0
170,2023-12-26,3400804,Chuyển khoản,CUST81876,Hải Phòng,0
171,2023-07-09,3155818,Rút tiền,CUST99502,TP.HCM,0
172,2023-11-18,450268,Nạp tiền,CUST10409,Hà Nội,1
173,2023-06-29,654633,Thanh toán hóa đơn,CUST95449,TP.HCM,1
174,2023-04-10,3656969,Rút tiền,CUST84444,Hà Nội,0
175,2023-01-29,2135157,Mua hàng trực tuyến,CUST14503,Hải Phòng,0
176,2023-07-19,4327370,Chuyển khoản,CUST59620,Cần Thơ,0
177,2023-04-15,341173,Thanh toán hóa đơn,CUST43853,Đà Nẵng,1
178,2023-07-09,3355534,Rút tiền,CUST89251,Đà Nẵng,0
179,2023-07-15,131163,Thanh toán hóa đơn,CUST66217,Hải Phòng,1
180,2023-12-04,4631551,Nạp tiền,CUST82839,Đà Nẵng,0
181,2023-05-16,3682966,Mua hàng trực tuyến,CUST59886,Hà Nội,0
182,2023-01-01,3882206,Rút tiền,CUST12895,TP.HCM,0
183,2023-02-16,2166881,Mua hàng trực tuyến,CUST97693,Hà Nội,0
184,2023-06-28,3063783,Thanh toán hóa đơn,CUST27158,TP.HCM,0
185,2023-08-11,3051304,Thanh toán hóa đơn,CUST56338,Đà Nẵng,0
186,2023-07-24,3625909,Thanh toán hóa đơn,CUST70167,Đà Nẵng,0
187,2023-11-02,3083090,Thanh toán hóa đơn,CUST89880,Cần Thơ,0
188,2023-02-06,1460763,Rút tiền,CUST87902,TP.HCM,0
189,2023-05-15,252597,Nạp tiền,CUST59706,Đà Nẵng,1
190,2023-11-08,1040361,Mua hàng trực tuyến,CUST28696,Cần Thơ,0
191,2023-10-03,4280682,Mua hàng trực tuyến,CUST21325,TP.HCM,0
192,2023-04-06,2690948,Thanh toán hóa đơn,CUST72266,Hải Phòng,0
193,2023-04-14,2067994,Rút tiền,CUST76499,Hải Phòng,0
194,2023-09-28,3877402,Thanh toán hóa đơn,CUST96206,Hải Phòng,0
195,2023-07-26,60558,Chuyển khoản,CUST62007,Hải Phòng,1
196,2023-09-16,531269,Nạp tiền,CUST42620,Hải Phòng,1
197,2023-09-02,354226,Nạp tiền,CUST24443,Hà Nội,1
198,2023-02-17,1228325,Thanh toán hóa đơn,CUST90928,Hải Phòng,0
199,2023-10-04,2634751,Mua hàng trực tuyến,CUST85872,Cần Thơ,0
200,2023-01-29,1411789,Chuyển khoản,CUST64837,Đà Nẵng,0
201,2023-09-27,309102,Thanh toán hóa đơn,CUST12481,Cần Thơ,1
202,2023-01-02,2701792,Chuyển khoản,CUST93349,Cần Thơ,0
203,2023-09-20,366054,Mua hàng trực tuyến,CUST82610,TP.HCM,1
204,2023-08-11,1920751,Chuyển khoản,CUST34693,Hà Nội,0
205,2023-08-12,3879912,Chuyển khoản,CUST33054,Cần Thơ,0
206,2023-03-21,1690897,Chuyển khoản,CUST48451,Cần Thơ,0
207,2023-12-01,3640186,Nạp tiền,CUST29720,Đà Nẵng,0
208,2023-05-09,4392873,Rút tiền,CUST20240,TP.HCM,0
209,2023-10-17,4018835,Rút tiền,CUST19613,Hải Phòng,0
210,2023-05-05,1724938,Thanh toán hóa đơn,CUST30075,Hà Nội,0
211,2023-07-02,2026335,Rút tiền,CUST97918,Đà Nẵng,0
212,2023-05-06,3543577,Mua hàng trực tuyến,CUST15438,Hà Nội,0
213,2023-08-03,4448449,Thanh toán hóa đơn,CUST39202,Đà Nẵng,0
214,2023-11-26,914080,Chuyển khoản,CUST78988,TP.HCM,1
215,2023-05-12,1788129,Mua hàng trực tuyến,CUST20174,TP.HCM,0
216,2023-10-06,396944,Mua hàng trực tuyến,CUST39554,Hà Nội,1
217,2023-03-09,243270,Nạp tiền,CUST11525,Hải Phòng,0
218,2023-01-11,2188390,Rút tiền,CUST33169,Hà Nội,0
219,2023-01-29,2254915,Thanh toán hóa đơn,CUST60216,TP.HCM,0
220,2023-12-15,4837965,Thanh toán hóa đơn,CUST34086,Hải Phòng,0
221,2024-01-01,4315544,Rút tiền,CUST86203,TP.HCM,0
222,2023-03-15,4029740,Thanh toán hóa đơn,CUST88210,Đà Nẵng,0
223,2023-02-01,2985346,Chuyển khoản,CUST11849,Hà Nội,0
224,2023-03-19,1850938,Nạp tiền,CUST82265,TP.HCM,0
225,2023-01-24,2275293,Rút tiền,CUST82235,TP.HCM,0
226,2023-08-05,1388062,Rút tiền,CUST94312,Đà Nẵng,0
227,2023-01-22,177270,Chuyển khoản,CUST42605,Đà Nẵng,1
228,2023-03-13,2104612,Nạp tiền,CUST57290,Đà Nẵng,0
229,2023-03-11,1012981,Thanh toán hóa đơn,CUST99917,Hà Nội,0
230,2023-01-31,1446480,Rút tiền,CUST32589,Hà Nội,0
231,2023-03-30,191723,Mua hàng trực tuyến,CUST84787,Hải Phòng,1
232,2023-12-11,4655483,Nạp tiền,CUST62939,TP.HCM,0
233,2023-03-22,4700579,Rút tiền,CUST93574,Đà Nẵng,0
234,2023-08-30,4322098,Chuyển khoản,CUST69182,Cần Thơ,0
235,2023-10-12,3799867,Mua hàng trực tuyến,CUST60107,Đà Nẵng,0
236,2023-08-09,1064998,Rút tiền,CUST74711,TP.HCM,0
237,2023-10-19,1130603,Rút tiền,CUST64623,Đà Nẵng,0
238,2023-02-25,188529,Nạp tiền,CUST32665,Hà Nội,1
239,2023-07-14,4387173,Mua hàng trực tuyến,CUST28337,Hà Nội,0
240,2023-03-23,2539828,Nạp tiền,CUST99568,Đà Nẵng,0
241,2023-11-07,4949483,Thanh toán hóa đơn,CUST70182,Hà Nội,0
242,2023-05-17,4437239,Nạp tiền,CUST63579,Đà Nẵng,0
243,2023-09-04,300309,Mua hàng trực tuyến,CUST80277,TP.HCM,1
244,2023-03-05,4264749,Chuyển khoản,CUST90101,Đà Nẵng,0
245,2023-02-05,1887900,Chuyển khoản,CUST22684,Hà Nội,0
246,2023-02-12,2360402,Mua hàng trực tuyến,CUST93172,TP.HCM,0
247,2023-06-16,1172943,Mua hàng trực tuyến,CUST40556,Hà Nội,0
248,2023-09-06,2016228,Thanh toán hóa đơn,CUST63644,Hà Nội,0
249,2023-10-31,4557105,Chuyển khoản,CUST69926,TP.HCM,0
250,2023-01-07,3688373,Nạp tiền,CUST73906,Đà Nẵng,0
251,2023-07-04,819075,Rút tiền,CUST61833,TP.HCM,1
252,2023-07-25,1624416,Nạp tiền,CUST88494,Đà Nẵng,0
253,2023-12-08,3785814,Mua hàng trực tuyến,CUST85609,Đà Nẵng,0
254,2023-06-16,490936,Thanh toán hóa đơn,CUST62384,TP.HCM,1
255,2023-03-05,2490592,Rút tiền,CUST74186,Đà Nẵng,0
256,2023-01-10,1385333,Mua hàng trực tuyến,CUST99320,Cần Thơ,0
257,2023-06-26,1632500,Rút tiền,CUST97183,TP.HCM,0
258,2023-02-26,3050944,Chuyển khoản,CUST58959,Đà Nẵng,0
259,2023-04-09,2685389,Thanh toán hóa đơn,CUST29932,Hải Phòng,0
260,2023-07-06,1277670,Mua hàng trực tuyến,CUST72544,Đà Nẵng,0
261,2023-05-17,1406332,Thanh toán hóa đơn,CUST70645,Cần Thơ,0
262,2023-10-18,4849787,Nạp tiền,CUST85019,Hải Phòng,0
263,2023-08-10,3839637,Nạp tiền,CUST35370,Cần Thơ,0
264,2023-01-04,434713,Mua hàng trực tuyến,CUST69723,TP.HCM,1
265,2023-01-01,1389544,Rút tiền,CUST48560,Đà Nẵng,0
266,2023-08-23,2913305,Mua hàng trực tuyến,CUST77742,Hải Phòng,0
267,2023-08-14,3273537,Rút tiền,CUST71958,Hà Nội,0
268,2023-10-31,903029,Chuyển khoản,CUST24414,TP.HCM,1
269,2023-01-21,4810022,Chuyển khoản,CUST15541,TP.HCM,0
270,2023-12-07,4813300,Mua hàng trực tuyến,CUST99832,TP.HCM,0
271,2023-12-29,2952613,Chuyển khoản,CUST32392,Hải Phòng,0
272,2023-12-04,4104010,Rút tiền,CUST35375,Hải Phòng,0
273,2023-11-28,1117846,Thanh toán hóa đơn,CUST42894,Cần Thơ,0
274,2023-05-29,4953561,Nạp tiền,CUST32181,TP.HCM,0
275,2023-02-16,3947495,Mua hàng trực tuyến,CUST40712,Đà Nẵng,0
276,2023-11-19,2404087,Chuyển khoản,CUST97462,TP.HCM,0
277,2023-11-17,2298881,Rút tiền,CUST38187,Hải Phòng,0
278,2023-10-27,438660,Thanh toán hóa đơn,CUST30046,Hải Phòng,1
279,2023-05-29,1767474,Nạp tiền,CUST24449,Hà Nội,0
280,2023-02-08,915474,Nạp tiền,CUST56441,Hà Nội,1
281,2023-08-08,4987314,Chuyển khoản,CUST83144,TP.HCM,0
282,2023-06-30,3235449,Mua hàng trực tuyến,CUST17628,Hải Phòng,0
283,2023-12-01,637502,Chuyển khoản,CUST85976,Hải Phòng,1
284,2023-07-06,1220572,Thanh toán hóa đơn,CUST60524,Hải Phòng,0
285,2023-11-21,1503458,Mua hàng trực tuyến,CUST45304,Cần Thơ,0
286,2023-02-23,3780784,Chuyển khoản,CUST12442,Hà Nội,0
287,2023-04-20,2871011,Mua hàng trực tuyến,CUST82497,TP.HCM,0
288,2023-08-26,2169830,Chuyển khoản,CUST28492,Hải Phòng,0
289,2023-08-24,4373892,Nạp tiền,CUST87943,Hải Phòng,0
290,2023-11-17,1072559,Nạp tiền,CUST21098,TP.HCM,0
291,2024-01-01,3274292,Nạp tiền,CUST64992,Đà Nẵng,0
292,2023-10-03,594338,Mua hàng trực tuyến,CUST76302,Đà Nẵng,1
293,2023-09-11,229641,Chuyển khoản,CUST50440,Đà Nẵng,1
294,2023-10-11,3565181,Rút tiền,CUST13271,Hải Phòng,0
295,2023-03-04,1485029,Chuyển khoản,CUST49136,Hà Nội,0
296,2023-07-18,1163705,Rút tiền,CUST42174,Cần Thơ,0
297,2023-04-11,4190784,Chuyển khoản,CUST42288,TP.HCM,0
298,2023-08-09,2768025,Thanh toán hóa đơn,CUST12397,Cần Thơ,0
299,2023-07-30,3365010,Mua hàng trực tuyến,CUST55441,Hải Phòng,0
300,2023-02-04,3153632,Mua hàng trực tuyến,CUST47552,Hà Nội,0
301,2023-12-17,3023346,Chuyển khoản,CUST17174,Cần Thơ,0
302,2023-03-31,838141,Chuyển khoản,CUST46253,TP.HCM,1
303,2023-09-29,3535960,Chuyển khoản,CUST74603,Đà Nẵng,0
304,2023-07-01,4979288,Chuyển khoản,CUST96913,Cần Thơ,0
305,2023-08-20,1298644,Rút tiền,CUST71975,Cần Thơ,0
306,2023-02-12,2555514,Rút tiền,CUST49345,TP.HCM,0
307,2023-11-12,504805,Nạp tiền,CUST68907,Cần Thơ,1
308,2023-02-07,977238,Rút tiền,CUST20633,Đà Nẵng,1
309,2023-04-03,4238994,Chuyển khoản,CUST32727,Đà Nẵng,0
310,2023-08-27,1457241,Mua hàng trực tuyến,CUST94272,Hà Nội,0
311,2023-03-28,3238300,Mua hàng trực tuyến,CUST36181,Hà Nội,0
312,2023-11-02,2625969,Mua hàng trực tuyến,CUST49146,Hà Nội,0
313,2023-03-19,4535235,Chuyển khoản,CUST18650,Hà Nội,0
314,2023-04-25,707743,Rút tiền,CUST23524,Hà Nội,1
315,2023-05-28,2434708,Rút tiền,CUST13133,Cần Thơ,0
316,2023-10-06,3251333,Chuyển khoản,CUST79292,Hà Nội,0
317,2023-04-29,540092,Chuyển khoản,CUST84900,Đà Nẵng,1
318,2023-04-30,602246,Rút tiền,CUST79023,Cần Thơ,1
319,2023-05-17,4209368,Nạp tiền,CUST94415,Hải Phòng,0
320,2023-07-18,4782720,Nạp tiền,CUST70376,Cần Thơ,0
321,2023-07-01,3112060,Rút tiền,CUST77080,TP.HCM,0
322,2023-01-19,2707459,Mua hàng trực tuyến,CUST76685,Hải Phòng,0
323,2023-12-09,4250783,Rút tiền,CUST18614,TP.HCM,0
324,2023-09-02,2783364,Mua hàng trực tuyến,CUST90466,Hà Nội,0
325,2023-07-05,1980692,Nạp tiền,CUST51044,Cần Thơ,0
326,2023-03-04,81291,Chuyển khoản,CUST88084,Hà Nội,0
327,2023-01-17,2632929,Mua hàng trực tuyến,CUST16962,Đà Nẵng,0
328,2023-09-04,3955836,Nạp tiền,CUST29168,Đà Nẵng,0
329,2023-08-17,4774243,Thanh toán hóa đơn,CUST34203,Hà Nội,0
330,2023-07-11,4269529,Rút tiền,CUST14793,Hà Nội,0
331,2023-02-27,3322941,Chuyển khoản,CUST60166,TP.HCM,0
332,2023-04-30,3909272,Thanh toán hóa đơn,CUST78656,Đà Nẵng,0
333,2023-09-03,1561219,Rút tiền,CUST78531,TP.HCM,0
334,2023-01-02,1108970,Mua hàng trực tuyến,CUST73050,Hà Nội,0
335,2023-01-28,1130819,Rút tiền,CUST60463,Hải Phòng,0
336,2023-08-11,3709190,Thanh toán hóa đơn,CUST48802,Đà Nẵng,0
337,2023-05-16,675288,Rút tiền,CUST85243,TP.HCM,0
338,2023-10-22,1150172,Rút tiền,CUST83479,Cần Thơ,0
339,2023-01-07,747290,Mua hàng trực tuyến,CUST51039,Hải Phòng,1
340,2023-07-27,1821729,Mua hàng trực tuyến,CUST98123,Đà Nẵng,0
341,2023-04-02,4550137,Chuyển khoản,CUST30813,Hải Phòng,0
342,2023-11-20,4233644,Rút tiền,CUST44345,Đà Nẵng,0
343,2023-04-18,423393,Rút tiền,CUST82123,Cần Thơ,1
344,2023-06-28,285828,Chuyển khoản,CUST59721,Hà Nội,1
345,2023-01-02,1577350,Nạp tiền,CUST45280,Đà Nẵng,0
346,2023-12-21,4843828,Mua hàng trực tuyến,CUST60721,TP.HCM,0
347,2023-12-17,2697209,Chuyển khoản,CUST87418,Đà Nẵng,0
348,2023-08-23,4980150,Chuyển khoản,CUST50240,Đà Nẵng,0
349,2023-01-04,332741,Thanh toán hóa đơn,CUST25965,Cần Thơ,1
350,2023-07-22,1913037,Chuyển khoản,CUST91939,Hải Phòng,0
351,2023-03-07,233735,Rút tiền,CUST52913,Đà Nẵng,1
352,2023-02-18,4002658,Chuyển khoản,CUST51787,TP.HCM,0
353,2023-08-11,3479785,Nạp tiền,CUST42084,Đà Nẵng,0
354,2023-09-28,3038110,Nạp tiền,CUST21031,Cần Thơ,0
355,2023-06-21,3434168,Thanh toán hóa đơn,CUST13283,Hải Phòng,0
356,2023-08-09,660586,Nạp tiền,CUST18054,Hải Phòng,1
357,2023-02-20,3831723,Rút tiền,CUST47861,Hà Nội,0
358,2023-01-29,628340,Chuyển khoản,CUST52888,Hải Phòng,1
359,2023-11-25,1279997,Nạp tiền,CUST25576,Đà Nẵng,0
360,2023-04-16,1020080,Chuyển khoản,CUST59531,Hà Nội,0
361,2023-01-28,3668100,Thanh toán hóa đơn,CUST48719,TP.HCM,0
362,2023-03-04,2136782,Mua hàng trực tuyến,CUST40510,Đà Nẵng,0
363,2023-09-14,1231533,Rút tiền,CUST23603,Đà Nẵng,0
364,2023-03-04,984223,Nạp tiền,CUST36566,Cần Thơ,1
365,2023-04-22,3832553,Thanh toán hóa đơn,CUST67100,Hải Phòng,0
366,2023-05-31,563669,Thanh toán hóa đơn,CUST39997,Đà Nẵng,1
367,2023-09-07,381112,Thanh toán hóa đơn,CUST56507,Cần Thơ,1
368,2023-04-28,1605898,Rút tiền,CUST32066,Cần Thơ,0
369,2023-11-07,627907,Rút tiền,CUST68274,Cần Thơ,1
370,2023-03-06,3864266,Rút tiền,CUST54656,Hà Nội,0
371,2023-01-06,3711856,Nạp tiền,CUST78454,Đà Nẵng,0
372,2023-10-10,4477350,Rút tiền,CUST76424,Đà Nẵng,0
373,2023-03-29,2809225,Rút tiền,CUST66178,Hải Phòng,0
374,2023-08-27,3618952,Thanh toán hóa đơn,CUST66018,TP.HCM,0
375,2023-08-23,669158,Thanh toán hóa đơn,CUST63935,Cần Thơ,1
376,2023-06-11,3695343,Nạp tiền,CUST61115,Đà Nẵng,0
377,2023-06-27,1792158,Thanh toán hóa đơn,CUST43593,Cần Thơ,0
378,2023-10-30,533811,Rút tiền,CUST96145,Đà Nẵng,1
379,2023-04-23,3425651,Chuyển khoản,CUST15771,Đà Nẵng,0
380,2023-01-16,1078996,Rút tiền,CUST70347,Đà Nẵng,0
381,2023-10-19,3041685,Thanh toán hóa đơn,CUST98107,Cần Thơ,0
382,2023-06-09,1429306,Rút tiền,CUST48443,Đà Nẵng,0
383,2023-01-14,2482453,Mua hàng trực tuyến,CUST89204,Cần Thơ,0
384,2023-02-09,1874979,Rút tiền,CUST93444,Hà Nội,0
385,2023-01-21,341057,Chuyển khoản,CUST22504,Hải Phòng,1
386,2023-08-08,3200638,Thanh toán hóa đơn,CUST31888,Hải Phòng,0
387,2023-03-12,4825263,Thanh toán hóa đơn,CUST76138,Hà Nội,0
388,2023-11-12,2945968,Nạp tiền,CUST23807,Hà Nội,0
389,2023-01-20,771220,Mua hàng trực tuyến,CUST74356,Hải Phòng,1
390,2023-07-09,2690921,Thanh toán hóa đơn,CUST31320,TP.HCM,0
391,2023-02-06,544353,Mua hàng trực tuyến,CUST83024,Đà Nẵng,0
392,2023-12-21,1595831,Nạp tiền,CUST69339,TP.HCM,0
393,2023-12-05,3466166,Chuyển khoản,CUST44283,Cần Thơ,0
394,2023-11-18,4908269,Chuyển khoản,CUST82251,TP.HCM,0
395,2023-12-06,1382217,Rút tiền,CUST88907,TP.HCM,0
396,2023-12-29,400653,Nạp tiền,CUST48818,Hà Nội,1
397,2023-04-26,3538588,Rút tiền,CUST91690,Hà Nội,0
398,2023-11-30,4301941,Mua hàng trực tuyến,CUST39014,Cần Thơ,0
399,2023-11-11,3349448,Chuyển khoản,CUST49717,Hà Nội,0
400,2023-08-22,2466938,Rút tiền,CUST62800,TP.HCM,0
401,2023-02-13,1898562,Mua hàng trực tuyến,CUST98596,TP.HCM,0
402,2023-03-25,3186800,Chuyển khoản,CUST37856,TP.HCM,0
403,2023-01-17,4079430,Mua hàng trực tuyến,CUST19500,Hà Nội,0
404,2023-03-20,2312502,Nạp tiền,CUST36998,Cần Thơ,0
405,2023-02-04,4156580,Thanh toán hóa đơn,CUST81578,TP.HCM,0
406,2023-12-08,1198762,Chuyển khoản,CUST76152,Cần Thơ,0
407,2023-11-05,3003690,Rút tiền,CUST88906,Đà Nẵng,0
408,2023-09-29,3973577,Mua hàng trực tuyến,CUST45296,Hải Phòng,0
409,2023-12-13,4247797,Thanh toán hóa đơn,CUST47620,Cần Thơ,0
410,2023-10-21,4309828,Thanh toán hóa đơn,CUST67751,Hà Nội,0
411,2023-07-12,1702033,Nạp tiền,CUST35670,TP.HCM,0
412,2023-08-03,4437619,Thanh toán hóa đơn,CUST62082,TP.HCM,0
413,2023-04-29,838574,Thanh toán hóa đơn,CUST88247,Cần Thơ,1
414,2023-11-30,4480327,Rút tiền,CUST78062,Cần Thơ,0
415,2023-05-22,2529950,Chuyển khoản,CUST84802,TP.HCM,0
416,2023-04-21,2736875,Chuyển khoản,CUST57462,Hải Phòng,0
417,2023-06-12,142818,Thanh toán hóa đơn,CUST66873,Hải Phòng,0
418,2023-01-29,1167496,Rút tiền,CUST40029,Cần Thơ,0
419,2023-07-24,2737430,Chuyển khoản,CUST96361,TP.HCM,0
420,2023-11-17,4535363,Chuyển khoản,CUST22410,Cần Thơ,0
421,2023-01-02,4355810,Thanh toán hóa đơn,CUST35745,Hà Nội,0
422,2023-10-18,1840028,Nạp tiền,CUST60136,Hải Phòng,0
423,2023-08-23,4784590,Chuyển khoản,CUST23318,TP.HCM,0
424,2023-07-30,2280190,Thanh toán hóa đơn,CUST48795,Cần Thơ,0
425,2023-05-03,2693325,Thanh toán hóa đơn,CUST80606,TP.HCM,0
426,2023-06-04,2151216,Thanh toán hóa đơn,CUST48399,Hà Nội,0
427,2023-04-06,4432384,Chuyển khoản,CUST30853,Hải Phòng,0
428,2023-01-13,4425629,Rút tiền,CUST65768,Đà Nẵng,0
429,2023-09-24,3087242,Rút tiền,CUST79402,Hà Nội,0
430,2023-04-17,732318,Nạp tiền,CUST34255,Hà Nội,1
431,2023-09-27,4485505,Chuyển khoản,CUST22793,Hà Nội,0
432,2023-10-06,229126,Nạp tiền,CUST24451,Cần Thơ,1
433,2023-04-14,1983137,Thanh toán hóa đơn,CUST94133,TP.HCM,0
434,2023-10-30,2838812,Mua hàng trực tuyến,CUST20571,Hải Phòng,0
435,2023-03-12,4812756,Nạp tiền,CUST73024,Hà Nội,0
436,2023-11-13,2016007,Nạp tiền,CUST90117,TP.HCM,0
437,2023-09-02,4191613,Chuyển khoản,CUST86050,Hà Nội,0
438,2023-09-11,1922842,Thanh toán hóa đơn,CUST76923,Hà Nội,0
439,2023-01-20,1167518,Rút tiền,CUST61867,Hải Phòng,0
440,2023-10-28,1909303,Mua hàng trực tuyến,CUST50265,Hải Phòng,0
441,2023-11-18,2068037,Rút tiền,CUST28220,Hà Nội,0
442,2023-06-17,1909231,Thanh toán hóa đơn,CUST80391,Đà Nẵng,0
443,2023-07-13,1174323,Thanh toán hóa đơn,CUST20989,Đà Nẵng,0
444,2023-03-04,4229790,Mua hàng trực tuyến,CUST90688,Hà Nội,0
445,2023-01-14,1404875,Rút tiền,CUST15545,Đà Nẵng,0
446,2023-07-23,3943067,Thanh toán hóa đơn,CUST11635,Hải Phòng,0
447,2023-07-25,2562018,Chuyển khoản,CUST93291,Cần Thơ,0
448,2023-08-11,1640522,Rút tiền,CUST93844,TP.HCM,0
449,2023-12-18,3248340,Chuyển khoản,CUST24752,Hà Nội,0
450,2023-02-24,4438449,Nạp tiền,CUST31085,Hà Nội,0
451,2023-01-12,825670,Rút tiền,CUST14284,Hải Phòng,1
452,2023-09-24,777479,Nạp tiền,CUST46240,Đà Nẵng,1
453,2023-02-28,2542128,Rút tiền,CUST36562,Hà Nội,0
454,2023-05-03,911398,Nạp tiền,CUST54705,Hải Phòng,0
455,2023-03-10,960676,Thanh toán hóa đơn,CUST79381,Đà Nẵng,1
456,2023-10-15,86619,Chuyển khoản,CUST16706,Hà Nội,1
457,2023-08-10,1465802,Rút tiền,CUST58799,TP.HCM,0
458,2023-09-19,3660479,Thanh toán hóa đơn,CUST51302,Hải Phòng,0
459,2023-05-22,3262614,Chuyển khoản,CUST62379,Cần Thơ,0
460,2023-02-22,2724913,Rút tiền,CUST98955,Hải Phòng,0
461,2023-08-05,2817371,Chuyển khoản,CUST77039,Cần Thơ,0
462,2023-05-14,1147488,Nạp tiền,CUST33210,Cần Thơ,0
463,2023-01-18,4962175,Nạp tiền,CUST53720,Cần Thơ,0
464,2023-08-17,4294900,Nạp tiền,CUST73262,Cần Thơ,0
465,2023-08-13,1602748,Thanh toán hóa đơn,CUST77738,Hải Phòng,0
466,2023-04-07,3369062,Chuyển khoản,CUST64658,TP.HCM,0
467,2023-08-09,1255973,Chuyển khoản,CUST41221,Cần Thơ,0
468,2023-03-05,1805065,Chuyển khoản,CUST37587,Cần Thơ,0
469,2023-03-20,4768550,Rút tiền,CUST41515,Hải Phòng,0
470,2023-05-27,82506,Thanh toán hóa đơn,CUST79554,Hải Phòng,1
471,2023-06-18,3658028,Rút tiền,CUST53010,Đà Nẵng,0
472,2023-09-13,1264731,Chuyển khoản,CUST59960,Cần Thơ,0
473,2023-03-03,197838,Mua hàng trực tuyến,CUST70103,Cần Thơ,1
474,2023-08-16,3593110,Thanh toán hóa đơn,CUST92979,TP.HCM,0
475,2023-10-18,4524414,Chuyển khoản,CUST75245,Hà Nội,0
476,2023-06-21,4384885,Rút tiền,CUST11227,Hải Phòng,0
477,2023-10-10,1139885,Mua hàng trực tuyến,CUST44808,Đà Nẵng,0
478,2023-03-30,2521798,Thanh toán hóa đơn,CUST81303,Hà Nội,0
479,2023-11-28,507269,Chuyển khoản,CUST97372,Hải Phòng,1
480,2023-04-12,1981106,Chuyển khoản,CUST85121,Hải Phòng,0
481,2023-10-21,4102735,Chuyển khoản,CUST67997,Hà Nội,0
482,2023-09-13,1065754,Thanh toán hóa đơn,CUST15813,Cần Thơ,0
483,2023-06-13,4181917,Mua hàng trực tuyến,CUST51131,Hà Nội,0
484,2023-09-19,1810587,Mua hàng trực tuyến,CUST17367,TP.HCM,0
485,2023-05-11,566161,Mua hàng trực tuyến,CUST88628,Cần Thơ,1
486,2023-12-10,4785395,Mua hàng trực tuyến,CUST10600,Cần Thơ,0
487,2023-05-26,504032,Nạp tiền,CUST51775,Đà Nẵng,1
488,2023-04-02,1220334,Chuyển khoản,CUST41510,Cần Thơ,0
489,2023-04-17,3644929,Mua hàng trực tuyến,CUST68905,Đà Nẵng,0
490,2023-08-29,998097,Thanh toán hóa đơn,CUST42858,Cần Thơ,1
491,2023-03-14,2373353,Mua hàng trực tuyến,CUST13363,TP.HCM,0
492,2023-12-02,169354,Thanh toán hóa đơn,CUST16590,Đà Nẵng,1
493,2023-10-23,1569526,Nạp tiền,CUST45035,Hải Phòng,0
494,2023-08-24,562344,Mua hàng trực tuyến,CUST54479,Đà Nẵng,0
495,2023-12-08,825748,Chuyển khoản,CUST56544,Hải Phòng,1
496,2023-10-24,2644474,Nạp tiền,CUST48409,TP.HCM,0
497,2023-05-30,347607,Nạp tiền,CUST76038,Cần Thơ,1
498,2023-02-16,958333,Mua hàng trực tuyến,CUST75069,TP.HCM,1
499,2023-07-23,4293500,Mua hàng trực tuyến,CUST65924,Hà Nội,0
500,2023-02-10,2318206,Rút tiền,CUST21055,Cần Thơ,0
501,2023-02-13,2725227,Nạp tiền,CUST92837,Hà Nội,0
502,2023-09-23,195179,Chuyển khoản,CUST90944,Cần Thơ,1
503,2023-10-18,3574371,Nạp tiền,CUST42706,Cần Thơ,0
504,2023-03-13,1216065,Chuyển khoản,CUST97927,TP.HCM,0
505,2023-06-01,347982,Rút tiền,CUST83621,Cần Thơ,1
506,2023-03-05,970390,Thanh toán hóa đơn,CUST86570,Đà Nẵng,1
507,2023-11-28,1085439,Nạp tiền,CUST32709,Hải Phòng,0
508,2023-09-10,1745079,Rút tiền,CUST28027,TP.HCM,0
509,2023-11-17,724039,Nạp tiền,CUST27112,Hải Phòng,0
510,2023-01-23,580794,Thanh toán hóa đơn,CUST56979,TP.HCM,0
511,2023-01-10,3205773,Nạp tiền,CUST11486,Cần Thơ,0
512,2023-05-27,873911,Chuyển khoản,CUST13997,Cần Thơ,1
513,2023-03-17,1380119,Mua hàng trực tuyến,CUST24551,Đà Nẵng,0
514,2023-04-06,4135726,Rút tiền,CUST22855,TP.HCM,0
515,2023-09-07,40506,Chuyển khoản,CUST73592,Cần Thơ,1
516,2023-04-23,4265590,Chuyển khoản,CUST37844,Hà Nội,0
517,2023-05-27,4321782,Mua hàng trực tuyến,CUST17084,Hải Phòng,0
518,2023-04-23,4863864,Nạp tiền,CUST28723,Đà Nẵng,0
519,2023-01-28,4133270,Mua hàng trực tuyến,CUST79920,Cần Thơ,0
520,2023-06-17,4144417,Nạp tiền,CUST73582,Hải Phòng,0
521,2023-12-15,2271382,Chuyển khoản,CUST17928,TP.HCM,0
522,2023-07-02,4509673,Mua hàng trực tuyến,CUST53311,TP.HCM,0
523,2023-01-20,3752557,Nạp tiền,CUST79929,TP.HCM,0
524,2023-08-02,3131222,Thanh toán hóa đơn,CUST53102,TP.HCM,0
525,2023-04-24,4335739,Mua hàng trực tuyến,CUST96265,Hải Phòng,0
526,2023-03-26,4097955,Mua hàng trực tuyến,CUST34768,Hải Phòng,0
527,2023-02-21,3586675,Nạp tiền,CUST13375,TP.HCM,0
528,2023-01-10,2393625,Chuyển khoản,CUST35016,Cần Thơ,0
529,2023-03-02,2654195,Rút tiền,CUST24760,TP.HCM,0
530,2023-02-06,2350810,Mua hàng trực tuyến,CUST79513,Đà Nẵng,0
531,2023-10-21,3012809,Nạp tiền,CUST59461,Đà Nẵng,0
532,2023-03-23,38365,Mua hàng trực tuyến,CUST40767,Đà Nẵng,1
533,2023-12-15,2705179,Chuyển khoản,CUST25393,Hà Nội,0
534,2023-03-18,1455478,Thanh toán hóa đơn,CUST28085,TP.HCM,0
535,2023-05-27,4412158,Thanh toán hóa đơn,CUST12475,Cần Thơ,0
536,2023-04-14,2969517,Thanh toán hóa đơn,CUST43903,Đà Nẵng,0
537,2023-09-13,3938861,Thanh toán hóa đơn,CUST48491,Đà Nẵng,0
538,2023-04-09,688462,Mua hàng trực tuyến,CUST95969,Hà Nội,0
539,2023-03-13,3422513,Chuyển khoản,CUST39497,Đà Nẵng,0
540,2023-08-26,1828611,Mua hàng trực tuyến,CUST28974,TP.HCM,0
541,2023-02-28,3722803,Mua hàng trực tuyến,CUST32266,Hải Phòng,0
542,2023-06-06,710406,Thanh toán hóa đơn,CUST50273,TP.HCM,1
543,2023-06-24,2823343,Mua hàng trực tuyến,CUST95490,Cần Thơ,0
544,2023-11-17,3247407,Rút tiền,CUST33810,Hà Nội,0
545,2023-02-11,4395443,Nạp tiền,CUST14030,Cần Thơ,0
546,2023-04-28,2214493,Chuyển khoản,CUST81619,Đà Nẵng,0
547,2023-10-18,3379021,Rút tiền,CUST18700,Hà Nội,0
548,2023-11-02,4716943,Chuyển khoản,CUST35843,Hà Nội,0
549,2023-07-15,2246442,Chuyển khoản,CUST68266,Hà Nội,0
550,2023-03-30,889667,Rút tiền,CUST37934,Hải Phòng,1
551,2023-05-22,3383574,Nạp tiền,CUST81494,Hà Nội,0
552,2023-09-14,1691898,Mua hàng trực tuyến,CUST31938,Đà Nẵng,0
553,2023-11-24,1989845,Mua hàng trực tuyến,CUST44345,Đà Nẵng,0
554,2023-09-26,1753474,Chuyển khoản,CUST99670,Hải Phòng,0
555,2023-08-31,283668,Mua hàng trực tuyến,CUST73567,TP.HCM,1
556,2023-09-27,2043135,Chuyển khoản,CUST92994,Đà Nẵng,0
557,2023-10-09,2425139,Thanh toán hóa đơn,CUST87082,Hải Phòng,0
558,2023-03-13,2877665,Nạp tiền,CUST92856,Cần Thơ,0
559,2023-12-27,4541468,Thanh toán hóa đơn,CUST61303,Cần Thơ,0
560,2023-10-13,308521,Chuyển khoản,CUST21505,Hải Phòng,1
561,2023-03-13,717550,Rút tiền,CUST80546,Hà Nội,1
562,2023-08-18,162503,Chuyển khoản,CUST12837,TP.HCM,1
563,2023-12-05,3253450,Rút tiền,CUST35900,TP.HCM,0
564,2023-02-17,140631,Rút tiền,CUST46580,TP.HCM,0
565,2023-04-30,1929109,Rút tiền,CUST63540,Đà Nẵng,0
566,2023-05-24,2923620,Nạp tiền,CUST41285,Đà Nẵng,0
567,2023-01-09,3816325,Thanh toán hóa đơn,CUST49761,Cần Thơ,0
568,2023-11-03,2523667,Chuyển khoản,CUST61821,Hà Nội,0
569,2023-08-26,1227319,Nạp tiền,CUST13111,Đà Nẵng,0
570,2023-06-28,3756140,Mua hàng trực tuyến,CUST31745,Hà Nội,0
571,2023-07-31,3085790,Thanh toán hóa đơn,CUST18714,Hà Nội,0
572,2023-01-22,1289245,Thanh toán hóa đơn,CUST32910,TP.HCM,0
573,2023-05-09,277394,Nạp tiền,CUST39224,TP.HCM,1
574,2023-01-24,4390428,Thanh toán hóa đơn,CUST98415,Cần Thơ,0
575,2023-04-25,412577,Mua hàng trực tuyến,CUST52924,Hải Phòng,1
576,2023-03-29,4406730,Nạp tiền,CUST65781,TP.HCM,0
577,2023-09-11,501550,Mua hàng trực tuyến,CUST51137,TP.HCM,1
578,2023-07-08,278617,Chuyển khoản,CUST85695,Hà Nội,1
579,2023-12-06,4965292,Thanh toán hóa đơn,CUST12986,Hà Nội,0
580,2023-10-31,3155776,Nạp tiền,CUST20486,Cần Thơ,0
581,2023-11-24,2318435,Chuyển khoản,CUST73538,Hà Nội,0
582,2023-05-13,4101162,Rút tiền,CUST72784,Hà Nội,0
583,2023-05-15,4116412,Chuyển khoản,CUST81562,TP.HCM,0
584,2023-12-31,1002899,Nạp tiền,CUST20217,Đà Nẵng,0
585,2023-03-17,4086479,Chuyển khoản,CUST78839,Cần Thơ,0
586,2023-07-11,3389695,Rút tiền,CUST20917,Hải Phòng,0
587,2023-10-23,2983195,Chuyển khoản,CUST44082,Hà Nội,0
588,2023-05-22,4801879,Mua hàng trực tuyến,CUST26155,TP.HCM,0
589,2023-08-02,2409493,Rút tiền,CUST55521,Đà Nẵng,0
590,2023-06-02,2811737,Thanh toán hóa đơn,CUST32018,Hải Phòng,0
591,2023-04-13,3867116,Chuyển khoản,CUST22656,Hà Nội,0
592,2023-02-03,1927284,Thanh toán hóa đơn,CUST82538,TP.HCM,0
593,2023-05-16,3164035,Nạp tiền,CUST62354,Hà Nội,0
594,2023-11-10,4950705,Thanh toán hóa đơn,CUST62250,Hải Phòng,0
595,2023-03-10,3211955,Nạp tiền,CUST71947,Đà Nẵng,0
596,2023-08-15,89822,Thanh toán hóa đơn,CUST76475,Cần Thơ,1
597,2023-02-03,4170668,Mua hàng trực tuyến,CUST37532,TP.HCM,0
598,2023-08-31,3392444,Thanh toán hóa đơn,CUST78055,Cần Thơ,0
599,2023-03-07,3728359,Chuyển khoản,CUST47207,TP.HCM,0
600,2023-02-02,1630777,Chuyển khoản,CUST64293,Đà Nẵng,0
601,2023-01-05,4215527,Mua hàng trực tuyến,CUST45208,Đà Nẵng,0
602,2023-03-03,1287767,Mua hàng trực tuyến,CUST11996,Hà Nội,0
603,2023-03-22,3071555,Chuyển khoản,CUST50375,Hải Phòng,0
604,2023-01-07,1008054,Chuyển khoản,CUST34706,Hà Nội,0
605,2023-01-16,2605663,Rút tiền,CUST30389,Hà Nội,0
606,2023-06-06,758278,Mua hàng trực tuyến,CUST85793,Hải Phòng,1
607,2023-05-18,387709,Mua hàng trực tuyến,CUST15224,Cần Thơ,1
608,2023-08-20,4030945,Mua hàng trực tuyến,CUST72946,Đà Nẵng,0
609,2023-09-07,2006938,Mua hàng trực tuyến,CUST30537,Cần Thơ,0
610,2023-07-09,3785911,Thanh toán hóa đơn,CUST55268,Cần Thơ,0
611,2023-12-06,1862424,Chuyển khoản,CUST94154,Cần Thơ,0
612,2023-06-04,778397,Nạp tiền,CUST92816,Hà Nội,1
613,2023-09-06,2157833,Thanh toán hóa đơn,CUST99041,Hải Phòng,0
614,2023-08-16,981701,Thanh toán hóa đơn,CUST84614,Hà Nội,1
615,2023-02-08,1229478,Rút tiền,CUST96382,Cần Thơ,0
616,2023-02-03,3290763,Thanh toán hóa đơn,CUST65453,Hà Nội,0
617,2023-10-02,3888442,Nạp tiền,CUST50283,Cần Thơ,0
618,2023-11-04,2627316,Chuyển khoản,CUST23626,TP.HCM,0
619,2023-09-26,3762370,Thanh toán hóa đơn,CUST30677,Hà Nội,0
620,2023-03-31,649825,Nạp tiền,CUST12512,TP.HCM,1
621,2023-04-11,1573342,Rút tiền,CUST29796,Đà Nẵng,0
622,2023-02-05,3755536,Mua hàng trực tuyến,CUST34629,Cần Thơ,0
623,2023-08-14,1271461,Mua hàng trực tuyến,CUST80617,Hải Phòng,0
624,2023-06-21,4652277,Rút tiền,CUST38590,Hà Nội,0
625,2023-06-26,3727386,Nạp tiền,CUST96134,Đà Nẵng,0
626,2023-03-17,771555,Rút tiền,CUST86795,TP.HCM,1
627,2023-08-11,3106493,Chuyển khoản,CUST66091,Đà Nẵng,0
628,2023-08-22,3791355,Thanh toán hóa đơn,CUST97981,Hải Phòng,0
629,2023-06-14,4851130,Nạp tiền,CUST17839,Hà Nội,0
630,2023-09-26,364598,Thanh toán hóa đơn,CUST42668,Đà Nẵng,1
631,2023-05-18,4591667,Mua hàng trực tuyến,CUST98077,Hải Phòng,0
632,2023-02-28,3224341,Mua hàng trực tuyến,CUST17017,Hải Phòng,0
633,2023-06-30,2719507,Chuyển khoản,CUST97499,Hà Nội,0
634,2023-05-07,3311044,Nạp tiền,CUST92469,Hà Nội,0
635,2023-07-11,4866186,Rút tiền,CUST90761,Đà Nẵng,0
636,2023-12-18,1120491,Nạp tiền,CUST75749,Đà Nẵng,0
637,2023-05-17,3546036,Thanh toán hóa đơn,CUST52992,Đà Nẵng,0
638,2023-06-22,2530793,Rút tiền,CUST64555,Hà Nội,0
639,2023-10-26,413033,Nạp tiền,CUST26124,Cần Thơ,1
640,2023-10-18,2112115,Nạp tiền,CUST58166,Hà Nội,0
641,2023-05-06,2726740,Mua hàng trực tuyến,CUST84728,Hải Phòng,0
642,2023-01-20,708072,Thanh toán hóa đơn,CUST64160,TP.HCM,1
643,2023-01-14,469974,Chuyển khoản,CUST60991,TP.HCM,1
644,2023-06-05,3120047,Rút tiền,CUST56630,Hà Nội,0
645,2023-03-06,2179367,Rút tiền,CUST84557,Cần Thơ,0
646,2023-02-16,2849867,Chuyển khoản,CUST32248,Hà Nội,0
647,2023-01-21,3189173,Mua hàng trực tuyến,CUST11097,TP.HCM,0
648,2023-06-29,4067358,Nạp tiền,CUST64430,TP.HCM,0
649,2023-01-03,3190124,Nạp tiền,CUST86994,Hà Nội,0
650,2023-08-06,4876211,Mua hàng trực tuyến,CUST48741,TP.HCM,0
651,2023-05-05,1007768,Mua hàng trực tuyến,CUST40409,Hà Nội,0
652,2023-11-26,4950965,Chuyển khoản,CUST42294,Hà Nội,0
653,2023-02-04,4212697,Mua hàng trực tuyến,CUST34413,Hải Phòng,0
654,2023-01-06,3144181,Chuyển khoản,CUST51492,Đà Nẵng,0
655,2023-07-03,313268,Chuyển khoản,CUST81236,Đà Nẵng,1
656,2023-08-25,519724,Nạp tiền,CUST18451,Hải Phòng,1
657,2023-11-15,4805304,Mua hàng trực tuyến,CUST94713,Cần Thơ,0
658,2023-10-08,3726417,Thanh toán hóa đơn,CUST99964,Hà Nội,0
659,2023-09-13,421358,Nạp tiền,CUST50726,TP.HCM,1
660,2023-05-10,1797857,Chuyển khoản,CUST65966,TP.HCM,0
661,2023-12-28,3272788,Mua hàng trực tuyến,CUST87525,Hà Nội,0
662,2023-05-15,1806365,Nạp tiền,CUST89720,TP.HCM,0
663,2023-05-20,3300441,Thanh toán hóa đơn,CUST16734,Hà Nội,0
664,2023-04-12,4980559,Rút tiền,CUST12858,TP.HCM,0
665,2023-02-20,2907465,Nạp tiền,CUST14606,Hà Nội,0
666,2023-05-10,2025568,Thanh toán hóa đơn,CUST87759,Cần Thơ,0
667,2023-06-10,3056897,Mua hàng trực tuyến,CUST31771,TP.HCM,0
668,2023-09-30,2360380,Nạp tiền,CUST67585,Đà Nẵng,0
669,2023-04-20,4235389,Mua hàng trực tuyến,CUST38047,TP.HCM,0
670,2023-01-01,86718,Mua hàng trực tuyến,CUST58174,Hải Phòng,1
671,2023-10-17,2558532,Nạp tiền,CUST67052,Hà Nội,0
672,2023-02-18,2265285,Rút tiền,CUST28753,Hải Phòng,0
673,2023-08-02,3346458,Mua hàng trực tuyến,CUST99501,Đà Nẵng,0
674,2023-03-25,688035,Rút tiền,CUST84858,Đà Nẵng,0
675,2023-08-11,231609,Chuyển khoản,CUST70138,TP.HCM,1
676,2023-08-13,2510830,Chuyển khoản,CUST81486,TP.HCM,0
677,2023-06-26,1788947,Thanh toán hóa đơn,CUST62250,Đà Nẵng,0
678,2023-09-21,598604,Nạp tiền,CUST16338,Hải Phòng,1
679,2023-12-25,3990326,Mua hàng trực tuyến,CUST19685,Hà Nội,0
680,2023-12-04,4594122,Rút tiền,CUST86422,Cần Thơ,0
681,2023-03-08,2220939,Thanh toán hóa đơn,CUST66859,TP.HCM,0
682,2023-10-09,228884,Rút tiền,CUST10384,TP.HCM,1
683,2023-09-26,852139,Mua hàng trực tuyến,CUST34288,Đà Nẵng,1
684,2023-03-20,2533561,Mua hàng trực tuyến,CUST53361,Hà Nội,0
685,2023-08-06,2284062,Mua hàng trực tuyến,CUST93389,TP.HCM,0
686,2023-09-26,4295248,Nạp tiền,CUST95896,Cần Thơ,0
687,2023-03-25,4626214,Thanh toán hóa đơn,CUST98427,Hải Phòng,0
688,2023-11-30,38564,Chuyển khoản,CUST96607,Đà Nẵng,1
689,2023-09-09,4585924,Mua hàng trực tuyến,CUST29109,Cần Thơ,0
690,2023-11-26,2480714,Nạp tiền,CUST92686,Đà Nẵng,0
691,2023-12-27,3583987,Chuyển khoản,CUST32880,Hải Phòng,0
692,2023-12-16,1706847,Chuyển khoản,CUST21193,Đà Nẵng,0
693,2023-03-15,1363714,Nạp tiền,CUST45371,Cần Thơ,0
694,2023-06-12,1509581,Mua hàng trực tuyến,CUST70535,Đà Nẵng,0
695,2023-03-03,3108949,Rút tiền,CUST82210,Hà Nội,0
696,2023-06-16,154163,Nạp tiền,CUST57369,Hà Nội,1
697,2023-09-05,2415037,Thanh toán hóa đơn,CUST87049,Cần Thơ,0
698,2023-05-02,1609776,Chuyển khoản,CUST37064,Cần Thơ,0
699,2023-09-15,198881,Thanh toán hóa đơn,CUST80301,Hà Nội,1
700,2023-09-18,3046979,Chuyển khoản,CUST33482,Đà Nẵng,0
701,2023-10-21,4995107,Mua hàng trực tuyến,CUST19771,Đà Nẵng,0
702,2023-06-13,1999203,Chuyển khoản,CUST69982,Hải Phòng,0
703,2023-04-01,3216722,Mua hàng trực tuyến,CUST50937,Hải Phòng,0
704,2023-07-25,769814,Mua hàng trực tuyến,CUST40667,Đà Nẵng,1
705,2023-07-26,3039413,Mua hàng trực tuyến,CUST61075,Hà Nội,0
706,2023-04-13,99951,Mua hàng trực tuyến,CUST41316,Hà Nội,1
707,2023-02-20,2558849,Rút tiền,CUST89033,TP.HCM,0
708,2023-03-05,1088582,Chuyển khoản,CUST74321,Cần Thơ,0
709,2023-12-01,4847493,Rút tiền,CUST58309,Cần Thơ,0
710,2023-06-30,49396,Thanh toán hóa đơn,CUST66729,Cần Thơ,1
711,2023-08-06,4834900,Chuyển khoản,CUST17560,Hải Phòng,0
712,2023-09-27,4244370,Nạp tiền,CUST65723,Hải Phòng,0
713,2023-05-10,1354527,Mua hàng trực tuyến,CUST97223,Cần Thơ,0
714,2023-05-30,256075,Rút tiền,CUST53940,Đà Nẵng,1
715,2023-04-29,3710146,Nạp tiền,CUST11978,TP.HCM,0
716,2023-09-23,2202194,Chuyển khoản,CUST56973,Hà Nội,0
717,2023-04-17,2304979,Rút tiền,CUST84018,Hải Phòng,0
718,2023-12-06,3119208,Rút tiền,CUST20342,Đà Nẵng,0
719,2023-11-20,3001011,Thanh toán hóa đơn,CUST78951,Đà Nẵng,0
720,2023-06-02,4149371,Nạp tiền,CUST21324,Cần Thơ,0
721,2023-02-02,2696463,Thanh toán hóa đơn,CUST18589,Hà Nội,0
722,2023-07-14,4392846,Mua hàng trực tuyến,CUST65687,Cần Thơ,0
723,2023-01-17,4051128,Rút tiền,CUST36061,Hà Nội,0
724,2023-01-07,904916,Chuyển khoản,CUST74497,Hà Nội,1
725,2023-11-03,765013,Thanh toán hóa đơn,CUST57911,TP.HCM,1
726,2023-07-13,3061296,Thanh toán hóa đơn,CUST38050,Hà Nội,0
727,2023-02-11,1692777,Thanh toán hóa đơn,CUST68853,TP.HCM,0
728,2023-03-15,1676926,Chuyển khoản,CUST56681,Hà Nội,0
729,2023-05-15,3694004,Rút tiền,CUST63697,Hải Phòng,0
730,2023-08-02,3122368,Chuyển khoản,CUST88237,Hải Phòng,0
731,2023-01-11,2924129,Chuyển khoản,CUST15088,Đà Nẵng,0
732,2023-08-15,1685407,Rút tiền,CUST82159,Hải Phòng,0
733,2023-05-21,4376224,Nạp tiền,CUST29941,TP.HCM,0
734,2023-02-11,3150800,Chuyển khoản,CUST97537,TP.HCM,0
735,2023-05-28,3915471,Mua hàng trực tuyến,CUST79545,Hải Phòng,0
736,2023-07-18,408758,Rút tiền,CUST59339,Cần Thơ,1
737,2023-10-28,3802217,Chuyển khoản,CUST64120,Hải Phòng,0
738,2023-05-03,1235355,Mua hàng trực tuyến,CUST65685,Đà Nẵng,0
739,2023-11-07,2172505,Nạp tiền,CUST61248,Hà Nội,0
740,2023-02-24,4252464,Chuyển khoản,CUST86785,TP.HCM,0
741,2023-06-13,3698938,Mua hàng trực tuyến,CUST29049,Cần Thơ,0
742,2023-08-31,4873377,Thanh toán hóa đơn,CUST40296,Hà Nội,0
743,2023-01-18,4107245,Thanh toán hóa đơn,CUST45609,Cần Thơ,0
744,2023-04-30,3316195,Rút tiền,CUST78237,Hà Nội,0
745,2023-02-04,3647435,Chuyển khoản,CUST64821,Hải Phòng,0
746,2023-11-01,1491466,Chuyển khoản,CUST13703,Cần Thơ,0
747,2023-04-25,876846,Rút tiền,CUST89254,Hải Phòng,1
748,2023-02-14,4108363,Nạp tiền,CUST45080,Hà Nội,0
749,2023-06-06,4177335,Chuyển khoản,CUST80841,Hải Phòng,0
750,2023-08-22,719887,Chuyển khoản,CUST10163,Đà Nẵng,1
751,2023-06-03,3773654,Chuyển khoản,CUST92399,TP.HCM,0
752,2023-03-23,4551339,Chuyển khoản,CUST32156,Cần Thơ,0
753,2023-09-16,1218363,Nạp tiền,CUST94862,Cần Thơ,0
754,2023-02-22,3834464,Mua hàng trực tuyến,CUST90324,Cần Thơ,0
755,2023-09-16,1174344,Mua hàng trực tuyến,CUST64821,Cần Thơ,0
756,2023-09-30,3456615,Rút tiền,CUST36394,TP.HCM,0
757,2023-08-08,4548413,Rút tiền,CUST86650,Đà Nẵng,0
758,2023-03-03,4024073,Rút tiền,CUST98476,Hà Nội,0
759,2023-09-18,4716853,Thanh toán hóa đơn,CUST94994,TP.HCM,0
760,2023-01-28,1121958,Thanh toán hóa đơn,CUST19753,Đà Nẵng,0
761,2023-06-03,4486259,Nạp tiền,CUST52506,Hải Phòng,0
762,2023-09-16,559874,Thanh toán hóa đơn,CUST42740,TP.HCM,1
763,2023-10-13,2922967,Chuyển khoản,CUST41358,Cần Thơ,0
764,2023-01-29,2702549,Nạp tiền,CUST32376,Hải Phòng,0
765,2023-04-15,3149811,Nạp tiền,CUST29049,Hà Nội,0
766,2023-04-06,86424,Mua hàng trực tuyến,CUST38002,TP.HCM,1
767,2023-11-05,925050,Mua hàng trực tuyến,CUST23706,Hải Phòng,1
768,2023-05-29,295676,Chuyển khoản,CUST39731,Cần Thơ,1
769,2023-01-30,4671877,Thanh toán hóa đơn,CUST25096,Cần Thơ,0
770,2023-08-18,2632903,Nạp tiền,CUST41846,Cần Thơ,0
771,2023-11-29,3966487,Nạp tiền,CUST71784,Hà Nội,0
772,2023-01-23,2501807,Mua hàng trực tuyến,CUST76433,Hải Phòng,0
773,2023-09-28,1500199,Rút tiền,CUST86436,Cần Thơ,0
774,2023-06-19,1632910,Mua hàng trực tuyến,CUST40740,TP.HCM,0
775,2023-07-18,2451658,Mua hàng trực tuyến,CUST18896,Hải Phòng,0
776,2023-07-30,2279813,Mua hàng trực tuyến,CUST62608,Cần Thơ,0
777,2023-03-19,2535166,Nạp tiền,CUST74718,Đà Nẵng,0
778,2023-09-21,1847511,Thanh toán hóa đơn,CUST87928,Đà Nẵng,0
779,2023-04-06,574288,Mua hàng trực tuyến,CUST34128,TP.HCM,1
780,2023-08-28,4586524,Chuyển khoản,CUST26566,TP.HCM,0
781,2023-08-21,1627558,Thanh toán hóa đơn,CUST81132,TP.HCM,0
782,2023-01-30,1524049,Thanh toán hóa đơn,CUST34289,Hải Phòng,0
783,2023-11-21,1745402,Nạp tiền,CUST75641,TP.HCM,0
784,2023-07-28,3512819,Nạp tiền,CUST86450,Đà Nẵng,0
785,2023-02-20,4272069,Mua hàng trực tuyến,CUST94447,Hà Nội,0
786,2023-12-08,3751209,Rút tiền,CUST81244,Hải Phòng,0
787,2023-11-08,4581609,Rút tiền,CUST71698,TP.HCM,0
788,2023-07-07,1045431,Nạp tiền,CUST73731,Hải Phòng,0
789,2023-09-24,4648555,Thanh toán hóa đơn,CUST93349,Hải Phòng,0
790,2023-04-10,4469736,Nạp tiền,CUST27567,Cần Thơ,0
791,2023-01-28,1538987,Thanh toán hóa đơn,CUST91332,Hà Nội,0
792,2023-11-21,2597564,Mua hàng trực tuyến,CUST35424,Hà Nội,0
793,2023-09-07,1811876,Chuyển khoản,CUST69891,Hà Nội,0
794,2023-02-21,4617396,Chuyển khoản,CUST64121,Hà Nội,0
795,2023-03-09,4469266,Chuyển khoản,CUST95444,TP.HCM,0
796,2023-04-26,3151243,Nạp tiền,CUST63017,Hải Phòng,0
797,2023-02-28,2241480,Mua hàng trực tuyến,CUST46251,Cần Thơ,0
798,2023-05-31,2470917,Mua hàng trực tuyến,CUST39584,Đà Nẵng,0
799,2023-03-07,3374293,Mua hàng trực tuyến,CUST30883,TP.HCM,0
800,2023-05-06,4196253,Nạp tiền,CUST32928,Hải Phòng,0
801,2023-09-26,4494245,Rút tiền,CUST54883,Đà Nẵng,0
802,2023-01-27,1722992,Mua hàng trực tuyến,CUST23979,Hà Nội,0
803,2023-10-27,3067667,Nạp tiền,CUST74742,Cần Thơ,0
804,2023-10-01,1884096,Nạp tiền,CUST22170,Đà Nẵng,0
805,2023-04-27,1976001,Chuyển khoản,CUST77062,Cần Thơ,0
806,2023-05-12,3554182,Thanh toán hóa đơn,CUST99361,Hà Nội,0
807,2023-10-01,1319204,Thanh toán hóa đơn,CUST82567,Cần Thơ,0
808,2023-11-01,4721996,Thanh toán hóa đơn,CUST18196,Hải Phòng,0
809,2023-04-27,3454213,Mua hàng trực tuyến,CUST87816,Đà Nẵng,0
810,2023-02-19,2664407,Rút tiền,CUST37815,Đà Nẵng,0
811,2023-10-01,1614199,Thanh toán hóa đơn,CUST83187,TP.HCM,0
812,2023-03-24,851302,Thanh toán hóa đơn,CUST75550,Đà Nẵng,1
813,2023-08-31,2492647,Mua hàng trực tuyến,CUST47104,Đà Nẵng,0
814,2023-03-05,1352459,Rút tiền,CUST88750,Hà Nội,0
815,2023-05-03,4414210,Mua hàng trực tuyến,CUST93120,Đà Nẵng,0
816,2023-02-21,4568644,Mua hàng trực tuyến,CUST50807,TP.HCM,0
817,2024-01-01,4367861,Chuyển khoản,CUST75442,Hà Nội,0
818,2023-10-31,3504083,Rút tiền,CUST22090,Cần Thơ,0
819,2023-10-16,2491566,Chuyển khoản,CUST96637,Hà Nội,0
820,2023-11-11,3171629,Nạp tiền,CUST41354,Cần Thơ,0
821,2023-02-24,347671,Chuyển khoản,CUST68838,Hải Phòng,1
822,2023-12-29,2863587,Mua hàng trực tuyến,CUST24819,Đà Nẵng,0
823,2023-12-10,510906,Chuyển khoản,CUST73085,Cần Thơ,1
824,2023-03-01,4267268,Mua hàng trực tuyến,CUST69827,TP.HCM,0
825,2023-06-09,2493081,Nạp tiền,CUST46817,Hải Phòng,0
826,2023-03-12,3946007,Thanh toán hóa đơn,CUST65989,Hà Nội,0
827,2023-11-02,2195074,Chuyển khoản,CUST91318,Đà Nẵng,0
828,2023-05-02,3528164,Mua hàng trực tuyến,CUST73549,TP.HCM,0
829,2023-04-24,4593375,Chuyển khoản,CUST76386,Đà Nẵng,0
830,2023-08-19,937087,Thanh toán hóa đơn,CUST57693,Hải Phòng,1
831,2023-07-04,2929633,Nạp tiền,CUST77804,Đà Nẵng,0
832,2023-11-02,4513420,Rút tiền,CUST90724,Đà Nẵng,0
833,2023-04-15,1474370,Mua hàng trực tuyến,CUST36241,Hà Nội,0
834,2023-12-28,1889045,Nạp tiền,CUST67860,Hà Nội,0
835,2023-04-23,2918242,Chuyển khoản,CUST86668,Đà Nẵng,0
836,2023-01-08,4848697,Mua hàng trực tuyến,CUST20806,Đà Nẵng,0
837,2023-09-14,4453297,Thanh toán hóa đơn,CUST15769,Cần Thơ,0
838,2023-11-16,1631008,Chuyển khoản,CUST43572,TP.HCM,0
839,2023-03-24,89804,Nạp tiền,CUST53349,Đà Nẵng,0
840,2023-03-23,2794858,Nạp tiền,CUST40651,Hà Nội,0
841,2023-09-19,3045010,Rút tiền,CUST33010,Đà Nẵng,0
842,2023-01-24,1330652,Chuyển khoản,CUST92085,Hà Nội,0
843,2023-07-06,671346,Chuyển khoản,CUST70960,Hà Nội,1
844,2023-12-26,228302,Thanh toán hóa đơn,CUST54511,TP.HCM,1
845,2023-07-17,3326356,Nạp tiền,CUST56328,Cần Thơ,0
846,2023-11-20,2486297,Nạp tiền,CUST95311,Hải Phòng,0
847,2023-01-25,3464264,Mua hàng trực tuyến,CUST94487,Đà Nẵng,0
848,2023-01-27,1481658,Thanh toán hóa đơn,CUST29522,Cần Thơ,0
849,2023-01-22,4128667,Rút tiền,CUST18135,Đà Nẵng,0
850,2023-02-20,4149316,Thanh toán hóa đơn,CUST76836,Cần Thơ,0
851,2023-04-28,4731769,Nạp tiền,CUST94419,Đà Nẵng,0
852,2023-11-10,4333423,Mua hàng trực tuyến,CUST94913,Hải Phòng,0
853,2023-05-14,2871797,Chuyển khoản,CUST51581,TP.HCM,0
854,2023-11-18,4745649,Nạp tiền,CUST17816,Hải Phòng,0
855,2023-06-13,2753755,Chuyển khoản,CUST96365,Cần Thơ,0
856,2023-09-10,2963246,Mua hàng trực tuyến,CUST20362,TP.HCM,0
857,2023-04-12,2561338,Nạp tiền,CUST38247,Cần Thơ,0
858,2023-07-14,1864496,Nạp tiền,CUST67588,Cần Thơ,0
859,2023-06-07,1928537,Rút tiền,CUST21343,Hải Phòng,0
860,2023-12-31,1783028,Thanh toán hóa đơn,CUST53861,TP.HCM,0
861,2023-03-18,1085153,Chuyển khoản,CUST53355,Cần Thơ,0
862,2023-06-09,1055030,Chuyển khoản,CUST82422,Cần Thơ,0
863,2023-06-03,1232839,Chuyển khoản,CUST83929,Cần Thơ,0
864,2023-01-18,350390,Nạp tiền,CUST42904,Hà Nội,0
865,2023-03-14,3358062,Thanh toán hóa đơn,CUST24747,Hà Nội,0
866,2023-07-13,4879117,Mua hàng trực tuyến,CUST20400,Đà Nẵng,0
867,2023-12-22,1537231,Chuyển khoản,CUST30471,Hà Nội,0
868,2023-02-08,4188805,Chuyển khoản,CUST70399,Hà Nội,0
869,2023-06-19,2247694,Rút tiền,CUST90355,Hải Phòng,0
870,2023-06-12,3879901,Rút tiền,CUST59156,TP.HCM,0
871,2023-02-17,3545761,Thanh toán hóa đơn,CUST27021,Cần Thơ,0
872,2023-12-16,657695,Chuyển khoản,CUST11066,Đà Nẵng,1
873,2023-09-04,4013886,Chuyển khoản,CUST25641,Hải Phòng,0
874,2023-11-30,2239643,Thanh toán hóa đơn,CUST43339,Hà Nội,0
875,2023-01-27,830061,Chuyển khoản,CUST37467,Hà Nội,1
876,2023-07-02,631374,Mua hàng trực tuyến,CUST95634,Hải Phòng,1
877,2023-04-25,2101965,Rút tiền,CUST84915,Hà Nội,0
878,2023-12-22,1274866,Thanh toán hóa đơn,CUST85495,TP.HCM,0
879,2023-03-20,1542317,Rút tiền,CUST92939,Hải Phòng,0
880,2023-03-10,338823,Thanh toán hóa đơn,CUST37013,Hà Nội,1
881,2023-07-05,4386383,Rút tiền,CUST71410,TP.HCM,0
882,2023-03-01,69056,Rút tiền,CUST70849,TP.HCM,1
883,2023-04-11,2251560,Rút tiền,CUST28207,Hải Phòng,0
884,2023-07-22,2035380,Thanh toán hóa đơn,CUST31119,TP.HCM,0
885,2023-07-09,732946,Nạp tiền,CUST76328,TP.HCM,1
886,2023-01-18,2154536,Mua hàng trực tuyến,CUST97400,Hải Phòng,0
887,2023-09-06,2172099,Chuyển khoản,CUST81020,Hải Phòng,0
888,2023-06-11,825189,Thanh toán hóa đơn,CUST11272,Hà Nội,1
889,2023-12-05,2772661,Chuyển khoản,CUST53046,Hà Nội,0
890,2023-05-24,1182840,Rút tiền,CUST94623,Cần Thơ,0
891,2023-01-06,4576316,Thanh toán hóa đơn,CUST24304,Hà Nội,0
892,2023-08-19,2316696,Mua hàng trực tuyến,CUST69649,Đà Nẵng,0
893,2023-12-25,3178169,Nạp tiền,CUST36507,Cần Thơ,0
894,2023-11-18,2907896,Thanh toán hóa đơn,CUST60044,Hà Nội,0
895,2023-10-04,275236,Mua hàng trực tuyến,CUST52948,Hà Nội,1
896,2023-01-28,1611070,Rút tiền,CUST15960,Hà Nội,0
897,2023-02-07,4962484,Nạp tiền,CUST71281,Cần Thơ,0
898,2023-03-09,4485840,Nạp tiền,CUST77736,Hà Nội,0
899,2023-07-09,577310,Rút tiền,CUST58315,Hải Phòng,1
900,2023-10-01,2071147,Thanh toán hóa đơn,CUST44984,Cần Thơ,0
901,2023-07-08,803677,Thanh toán hóa đơn,CUST66621,TP.HCM,1
902,2023-01-31,512011,Nạp tiền,CUST48549,Hà Nội,1
903,2023-09-16,315280,Chuyển khoản,CUST17956,Hải Phòng,1
904,2023-04-27,273373,Chuyển khoản,CUST77653,Cần Thơ,1
905,2023-06-18,3189358,Mua hàng trực tuyến,CUST53855,Hà Nội,0
906,2023-03-03,130966,Nạp tiền,CUST52368,Hà Nội,1
907,2023-06-09,91905,Thanh toán hóa đơn,CUST14691,Cần Thơ,1
908,2023-05-29,3437151,Nạp tiền,CUST27004,Cần Thơ,0
909,2023-04-28,1567356,Rút tiền,CUST51486,Đà Nẵng,0
910,2023-05-21,2231114,Rút tiền,CUST90669,TP.HCM,0
911,2023-12-21,3390267,Chuyển khoản,CUST38534,Đà Nẵng,0
912,2023-08-09,4256905,Rút tiền,CUST81654,Hà Nội,0
913,2023-09-10,677290,Chuyển khoản,CUST98309,Đà Nẵng,1
914,2023-06-29,2184770,Nạp tiền,CUST62560,Hà Nội,0
915,2023-01-03,1155609,Thanh toán hóa đơn,CUST70126,Hà Nội,0
916,2023-03-10,4477819,Chuyển khoản,CUST27891,Hà Nội,0
917,2023-08-12,67189,Rút tiền,CUST68765,Hà Nội,1
918,2023-12-17,1946064,Rút tiền,CUST36796,Hà Nội,0
919,2023-05-17,4418566,Rút tiền,CUST60013,Hà Nội,0
920,2023-02-18,3249268,Thanh toán hóa đơn,CUST78313,TP.HCM,0
921,2023-08-22,2759973,Chuyển khoản,CUST91232,Cần Thơ,0
922,2023-07-06,1081593,Thanh toán hóa đơn,CUST73361,TP.HCM,0
923,2023-05-19,1018740,Thanh toán hóa đơn,CUST80606,Cần Thơ,0
924,2023-11-09,1465855,Mua hàng trực tuyến,CUST69330,Hải Phòng,0
925,2023-09-08,1622464,Rút tiền,CUST89252,Hải Phòng,0
926,2023-02-10,1657833,Nạp tiền,CUST84645,Hải Phòng,0
927,2023-10-25,4012493,Chuyển khoản,CUST22914,TP.HCM,0
928,2023-03-29,151656,Thanh toán hóa đơn,CUST85248,Đà Nẵng,1
929,2023-07-09,2416551,Chuyển khoản,CUST43468,Hải Phòng,0
930,2023-06-21,485422,Nạp tiền,CUST14651,Hải Phòng,1
931,2023-05-29,4379614,Nạp tiền,CUST45586,Hà Nội,0
932,2023-11-27,795919,Chuyển khoản,CUST39984,Đà Nẵng,1
933,2023-12-26,3683037,Mua hàng trực tuyến,CUST63372,TP.HCM,0
934,2023-04-08,3724648,Chuyển khoản,CUST32299,Hải Phòng,0
935,2023-02-28,2151251,Thanh toán hóa đơn,CUST96341,Đà Nẵng,0
936,2023-10-04,73476,Rút tiền,CUST86285,Cần Thơ,0
937,2023-12-21,2344532,Chuyển khoản,CUST45078,Hà Nội,0
938,2023-04-28,2401876,Mua hàng trực tuyến,CUST48903,Đà Nẵng,0
939,2023-01-02,1641459,Chuyển khoản,CUST41724,Hải Phòng,0
940,2023-02-11,3356207,Mua hàng trực tuyến,CUST64941,Hải Phòng,0
941,2023-07-30,1442664,Chuyển khoản,CUST61644,TP.HCM,0
942,2023-11-27,3875983,Chuyển khoản,CUST22282,Đà Nẵng,0
943,2023-02-17,3058211,Mua hàng trực tuyến,CUST95686,Đà Nẵng,0
944,2023-11-25,4236778,Thanh toán hóa đơn,CUST74715,TP.HCM,0
945,2023-08-11,517032,Mua hàng trực tuyến,CUST45699,TP.HCM,1
946,2023-12-23,2000261,Nạp tiền,CUST23368,TP.HCM,0
947,2023-10-14,1543533,Nạp tiền,CUST59437,TP.HCM,0
948,2023-01-24,67868,Thanh toán hóa đơn,CUST45401,Đà Nẵng,1
949,2023-04-24,4794126,Nạp tiền,CUST51571,Đà Nẵng,0
950,2023-10-22,4319981,Mua hàng trực tuyến,CUST55366,TP.HCM,0
951,2023-07-28,2090411,Chuyển khoản,CUST73571,Cần Thơ,0
952,2023-08-13,2105041,Rút tiền,CUST95049,Hà Nội,0
953,2023-02-25,2173096,Chuyển khoản,CUST49444,Hà Nội,0
954,2023-04-05,951200,Mua hàng trực tuyến,CUST30999,TP.HCM,1
955,2023-09-13,4683862,Nạp tiền,CUST41465,Đà Nẵng,0
956,2023-06-12,3696466,Nạp tiền,CUST40130,Cần Thơ,0
957,2023-02-08,4799704,Chuyển khoản,CUST11441,Đà Nẵng,0
958,2023-09-04,1523774,Thanh toán hóa đơn,CUST92622,Hải Phòng,0
959,2023-04-23,3456915,Thanh toán hóa đơn,CUST22503,Hà Nội,0
960,2023-04-08,3224457,Mua hàng trực tuyến,CUST79759,Hải Phòng,0
961,2023-03-04,4845022,Chuyển khoản,CUST65482,TP.HCM,0
962,2023-02-21,1705382,Nạp tiền,CUST70647,Đà Nẵng,0
963,2023-03-05,2906816,Chuyển khoản,CUST52285,Hà Nội,0
964,2023-02-22,3272587,Rút tiền,CUST62857,Cần Thơ,0
965,2023-12-02,2576040,Nạp tiền,CUST22137,Hà Nội,0
966,2023-03-07,4376674,Nạp tiền,CUST51503,Cần Thơ,0
967,2023-07-16,667623,Rút tiền,CUST77368,Hà Nội,1
968,2023-11-24,4557970,Thanh toán hóa đơn,CUST27268,Cần Thơ,0
969,2023-08-22,4213216,Nạp tiền,CUST46095,Cần Thơ,0
970,2023-07-09,2781878,Rút tiền,CUST31629,Hải Phòng,0
971,2023-03-23,4773710,Rút tiền,CUST57315,TP.HCM,0
972,2023-04-29,4314045,Thanh toán hóa đơn,CUST16934,Cần Thơ,0
973,2023-01-20,3465876,Rút tiền,CUST82402,Đà Nẵng,0
974,2023-02-14,583601,Chuyển khoản,CUST21256,Hà Nội,0
975,2023-03-18,4514141,Mua hàng trực tuyến,CUST86750,Đà Nẵng,0
976,2023-03-19,4889659,Nạp tiền,CUST41121,TP.HCM,0
977,2023-11-09,2817740,Nạp tiền,CUST60211,Cần Thơ,0
978,2023-01-22,3899240,Chuyển khoản,CUST92737,Hải Phòng,0
979,2023-10-22,123946,Mua hàng trực tuyến,CUST30563,Cần Thơ,1
980,2023-03-16,3837725,Chuyển khoản,CUST16503,TP.HCM,0
981,2023-06-30,2031765,Chuyển khoản,CUST69804,Hà Nội,0
982,2023-10-03,4145925,Mua hàng trực tuyến,CUST62325,Cần Thơ,0
983,2023-03-01,3012118,Chuyển khoản,CUST91723,Đà Nẵng,0
984,2023-04-08,3873510,Mua hàng trực tuyến,CUST79084,TP.HCM,0
985,2023-11-15,3617188,Rút tiền,CUST18650,TP.HCM,0
986,2023-03-02,1136642,Nạp tiền,CUST92688,TP.HCM,0
987,2023-10-15,4081862,Chuyển khoản,CUST24448,Cần Thơ,0
988,2023-03-04,2367864,Mua hàng trực tuyến,CUST66537,Đà Nẵng,0
989,2023-11-06,3821947,Chuyển khoản,CUST77052,Đà Nẵng,0
990,2023-06-27,159073,Mua hàng trực tuyến,CUST47010,Hải Phòng,1
991,2023-07-18,3906464,Nạp tiền,CUST77199,Hà Nội,0
992,2023-10-15,264642,Rút tiền,CUST64444,Hải Phòng,1
993,2023-05-08,864408,Chuyển khoản,CUST51399,TP.HCM,1
994,2023-05-08,2979339,Chuyển khoản,CUST95743,TP.HCM,0
995,2023-05-20,1174278,Nạp tiền,CUST80223,Hà Nội,0
996,2023-10-22,3702766,Mua hàng trực tuyến,CUST29096,Cần Thơ,0
997,2023-01-27,1149818,Rút tiền,CUST12810,TP.HCM,0
998,2023-11-12,3639489,Thanh toán hóa đơn,CUST33591,Cần Thơ,0
999,2023-08-17,2457689,Mua hàng trực tuyến,CUST47092,TP.HCM,0
1000,2023-01-18,3539719,Chuyển khoản,CUST78343,Đà Nẵng,0
